<?xml version="1.0" encoding="UTF-8"?>
<?xml-model href="chan_Ex6_relaxNG.rnc" type="application/relax-ng-compact-syntax"?>
<xml>
    <para>Everybody needs a simple apple pie recipe to pull out. It's the ultimate comfort dessert
        and homemade pastry makes it just that little bit more impressive than a crumble. Serve with
        some vanilla ice cream!</para>

    <list type="ingredients">
        <header>Ingredients</header>
        <compo type="pastry">For The Pastry</compo>
        <ingre n="1" texture="dry"><quantity n="375">375</quantity>
            <unit unitType="g">g</unit> plain flour</ingre>
        <ingre n="2" texture="wet"><quantity n="190">190</quantity>
            <unit unitType="g">g</unit> unsalted butter, chilled</ingre>
        <ingre n="3" texture="dry"><quantity n="130">130</quantity>
            <unit unitType="g">g</unit> caster sugar</ingre>
        <ingre n="4" texture="wet"><quantity n="1.5">1.5 </quantity>large eggs</ingre>
        <compo type="custard">For The Custard</compo>
        <ingre n="5" texture="wet"><quantity n="140">140</quantity>
            <unit unitType="ml">ml</unit> double cream</ingre>
        <ingre n="6"><quantity n="1">1</quantity> vanilla pod</ingre>
        <ingre n="7"><quantity n="2">2</quantity> eggs</ingre>
        <ingre n="8" texture="dry"><quantity n="2">2</quantity>
            <unit unitType="tsp">tsp</unit> caster sugar</ingre>
        <ingre n="9" texture="dry"><quantity n="0.5">1/2</quantity>
            <unit unitType="tsp">tsp</unit> cornflour</ingre>
        <compo type="filling">For The Filling</compo>
        <ingre n="10" texture="wet"><quantity n="1">1</quantity>
            <unit unitType="kg">kg</unit> Granny Smith apples</ingre>
        <ingre n="11"><quantity n="2">2</quantity> oranges</ingre>
        <ingre n="12" texture="dry"><quantity n="1">1</quantity>
            <unit unitType="tsp">tsp</unit> cinnamon powder</ingre>
        <ingre n="13" texture="wet"><quantity n="10">10</quantity>
            <unit unitType="g">g</unit> fresh ginger</ingre>
        <ingre n="14"><quantity n="1">1</quantity> vanilla pod</ingre>
        <ingre n="15" texture="dry"><quantity n="150">150</quantity>
            <unit unitType="=g">g</unit> caster sugar</ingre>
        <ingre n="15" texture="wet"><quantity n="1">1</quantity> large egg white</ingre></list>


    <list type="steps">
        <step n="1">Step 1 <header>MAKE THE DOUGH</header>
            <detail><action>Rub</action> the cubed <ingre n="2">butter</ingre> into the <ingre n="1"
                    >flour</ingre> until the mixture resembles breadcrumbs then
                    <action>stir</action> through the <ingre n="3">sugar</ingre> and
                    <action>beaten</action>
                <ingre n="4">egg</ingre>. <action>Knead</action> the dough gently until the whole
                thing forms a soft dough ball – don’t overwork or else the pastry will be tough when
                cooked. <action>Wrap</action> the dough in Cling Film and chill in the fridge for at
                least <time dura="1 hour">an hour</time> to relax.</detail></step>
        <step n="2">Step 2 <header>MAKE THE CUSTARD</header>
            <detail><action>Scrape</action> half the seeds from the <ingre n="6">vanilla pod
                </ingre>and <action>chuck</action> them into a saucepan with the <ingre n="5"
                    >cream</ingre>. Heat the <ingre n="5">cream</ingre> until almost boiling and
                meanwhile <action>whisk</action> together the <ingre n="7">eggs</ingre>, <ingre
                    n="8">sugar</ingre> and <ingre n="9">cornflour</ingre>. Slowly
                    <action>pour</action> the hot <ingre n="5">cream</ingre> into the <ingre n="7"
                    >eggs</ingre> whilst continuously whisking. <action>Pour</action> the <compo
                    type="custard">custard</compo> back into the saucepan over a gentle heat.
                    <action>Stir </action>until it thickens. Cover with Cling Film, so that the film
                is touching the custard, until you need it.</detail></step>
        <step n="3">Step 3 <header>MAKE THE FILLING</header>
            <detail><action>Peel</action> and <action>core</action> the <ingre n="10"
                >apples</ingre>, then <action>cut</action> them into thick slices.
                    <action>Chuck</action> them into a bowl.<action> Zest </action>the <ingre n="11"
                    >oranges</ingre>, <action>peel</action> and <action>mince</action> the <ingre
                    n="13">ginger</ingre> and <action>slice</action> the <ingre n="14">vanilla
                    pod</ingre> lengthwise and <action>remove</action> the seeds.
                    <action>Throw</action> the <ingre n="15">sugar</ingre>, <ingre n="11">orange
                    zest</ingre>, <ingre n="12">cinnamon</ingre>, <ingre n="13">ginger</ingre>,
                    <ingre n="14">vanilla seeds</ingre> and the <ingre n="14">pods</ingre> in with
                the <ingre n="10"> apple</ingre> and <action>toss</action> together.</detail>
        </step>
        <step n="4">Step 4 <header>ROLL AND FILL</header>
            <detail><action>Roll</action> just over half of the <compo type="pastry">dough</compo>
                on a lightly floured surface to the thickness of a pound coin. <action>Lay</action>
                the pastry over a tart case and gently <action>press</action> into the edges,
                    <action>trim</action> off any excessive pastry then <action>chill</action> again
                for <time dura="15 mins">15 minutes</time> as you <action>preheat</action> an oven
                to <temp degree="190">190°C</temp>. <action>Tip</action> the <compo type="filling"
                    >apple mixture</compo> into the chilled <compo type="pastry">tart
                shell</compo>.</detail></step>
        <step n="5">Step 5 <header>ADD THE LID</header>
            <detail><action>Roll</action> another circle of <compo type="pastry">dough</compo> that
                is slightly bigger than the tart case. <action>Whisk</action> the <ingre n="15">egg
                    white</ingre> just to break it up and <action>brush</action> it around the edge
                of the circle. Drape it over the <compo type="filling">apples</compo>, egg wash side
                down. <action>Trim</action> the lid to fit the tart, then <action>pinch</action> the
                lid into the brushed sides of the tart shell with fingers or a fork.
                    <action>Poke</action> a few slits into the middle of the lid with a knife to
                allow steam to escape the pie.</detail></step>
        <step n="6">Step 6 <header>BAKE AND SERVE</header>
            <detail><action>Brush</action> the <ingre n="15">egg white</ingre> over the pie lid
                before sprinkling over a handful of <ingre n="15">caster sugar</ingre> and baking in
                the oven for <time dura="45-50 mins">45-50 minutes.</time> Reheat the <compo
                    type="custard">custard</compo> and serve wedges of pie with the custard or
                vanilla ice cream. Serves 8</detail></step></list>
</xml>
